{
  "city": {
    "$type": "CityEntity",
    "EntityId": {
      "Value": 254
    },
    "PropMechanics": {
      "TargetPropId": {
        "Value": "city_prop"
      },
      "Disabled": false
    },
    "Parameters": {
      "Kind": "WWest",
      "RoadKind": "Default",
      "GrowSpeed": 0.25
    },
    "State": {
      "Index": 0,
      "LicenseCost": 0,
      "Name": "Middletown",
      "Quests": [
        {
          "Id": 1,
          "ResourceTypeId": 1536658678113898496,
          "Amount": 6,
          "CurrentAmount": 0,
          "Demand": 5,
          "ResourceConsumptionInterval": 1.0,
          "StartConsumptionTime": 0.0,
          "Type": "Demand",
          "Hidden": false
        },
        {
          "Id": 2,
          "ResourceTypeId": 1536657115869876224,
          "Amount": 6,
          "CurrentAmount": 0,
          "Demand": 5,
          "ResourceConsumptionInterval": 1.0,
          "StartConsumptionTime": 0.0,
          "Type": "Required",
          "Hidden": false
        }
      ],
      "LicenseOwners": 0,
      "Influence": 0.25,
      "Passengers": {
        "TimeToProduce": 0.0,
        "StoreSize": 0
      },
      "Funds": -4408
    },
    "ProductionParameters": {
      "IncomingResourceTypeIds": [],
      "OutgoingResourceTypeIds": [],
      "TimeToProduce": 0.0,
      "StoreSize": 0,
      "CompleteBuildingPrice": 0,
      "ModelDbId": 0,
      "OriginalModelDbId": 0,
      "BoosterResource": 0
    },
    "ProductionState": {
      "IsProducing": false,
      "CurrentDepotDir": {
        "Value": 0,
        "Quaternion": "0:0:0:1"
      },
      "StartTime": 0.0,
      "StoredResources": [],
      "Bought": false,
      "Depots": [],
      "PrototypeId": {
        "Value": 0
      },
      "IsBoosted": false
    }
  },
  "city_prop": {
    "$type": "PropEntity",
    "EntityId": {
      "Value": 253
    },
    "Owner": {
      "Value": 0
    },
    "Prop": {
      "DatabaseId": 1621394131886542848,
      "MechanicsEntityId": {
        "Value": "city"
      },
      "Hidden": true,
      "GroupId": {
        "Value": 0
      },
      "Permanent": true,
      "DestroyFee": 0,
      "DoNotBlockTracks": false,
      "Label": "",
      "ParametersOverride": 0
    },
    "TRS": {
      "Rotation": "0:1:0:-4.371139E-08",
      "Translation": "2.5:0:2.5",
      "Scale": 1.0
    },
    "Area": {
      "Min": "0:0",
      "Size": "5:5"
    },
    "AnimationData": {
      "Index": 0,
      "Playing": true,
      "RandomizeOffset": true
    }
  },
  "other": {}
}