{
  "city": {
    "$type": "CityEntity",
    "EntityId": {
      "Value": 254
    },
    "PropMechanics": {
      "TargetPropId": {
        "Value": "city_prop"
      },
      "Disabled": false
    },
    "Parameters": {
      "Kind": "WWest",
      "RoadKind": "Default",
      "GrowSpeed": 0.25
    },
    "State": {
      "Index": 0,
      "LicenseCost": 0,
      "Name": "Middletown",
      "Quests": [
        {
          "Id": 1,
          "ResourceTypeId": 1536658678113898496,
          "Amount": 6,
          "CurrentAmount": 0,
          "Demand": 5,
          "ResourceConsumptionInterval": 20.0,
          "StartConsumptionTime": 0.0,
          "Type": "Demand",
          "Hidden": false
        },
        {
          "Id": 2,
          "ResourceTypeId": 1536657115869876224,
          "Amount": 6,
          "CurrentAmount": 0,
          "Demand": 5,
          "ResourceConsumptionInterval": 15.0,
          "StartConsumptionTime": 0.0,
          "Type": "Required",
          "Hidden": false
        }
      ],
      "LicenseOwners": 0,
      "Influence": 0.25,
      "Passengers": {
        "TimeToProduce": 0.0,
        "StoreSize": 0
      },
      "Funds": -4408
    },
    "ProductionParameters": {
      "IncomingResourceTypeIds": [],
      "OutgoingResourceTypeIds": [],
      "TimeToProduce": 0.0,
      "StoreSize": 0,
      "CompleteBuildingPrice": 0,
      "ModelDbId": 0,
      "OriginalModelDbId": 0,
      "BoosterResource": 0
    },
    "ProductionState": {
      "IsProducing": false,
      "CurrentDepotDir": {
        "Value": 0,
        "Quaternion": "0:0:0:1"
      },
      "StartTime": 0.0,
      "StoredResources": [],
      "Bought": false,
      "Depots": [],
      "PrototypeId": {
        "Value": 0
      },
      "IsBoosted": false
    }
  },
  "city_prop": {
    "$type": "PropEntity",
    "EntityId": {
      "Value": 253
    },
    "Owner": {
      "Value": 0
    },
    "Prop": {
      "DatabaseId": 1621394131886542848,
      "MechanicsEntityId": {
        "Value": "city"
      },
      "Hidden": true,
      "GroupId": {
        "Value": 0
      },
      "Permanent": true,
      "DestroyFee": 0,
      "DoNotBlockTracks": false,
      "Label": "",
      "ParametersOverride": 0
    },
    "TRS": {
      "Rotation": "0:1:0:-4.371139E-08",
      "Translation": "10.5:0:4.5",
      "Scale": 1.0
    },
    "Area": {
      "Min": "8:2",
      "Size": "5:5"
    },
    "AnimationData": {
      "Index": 0,
      "Playing": true,
      "RandomizeOffset": true
    }
  },
  "other": {
    "1589": {
      "$type": "CityElementEntity",
      "EntityId": {
        "Value": 1589
      },
      "PropMechanics": {
        "TargetPropId": {
          "Value": 1124
        },
        "Disabled": false
      },
      "Parameters": {
        "CityEntityId": {
          "Value": "city"
        },
        "BasementId": {
          "Value": 0
        }
      }
    },
    "1124": {
      "$type": "PropEntity",
      "EntityId": {
        "Value": 1124
      },
      "Owner": {
        "Value": 0
      },
      "Prop": {
        "DatabaseId": 1618998239296491520,
        "MechanicsEntityId": {
          "Value": 1589
        },
        "Hidden": false,
        "GroupId": {
          "Value": 0
        },
        "Permanent": true,
        "DestroyFee": 1000,
        "DoNotBlockTracks": true,
        "Label": "",
        "ParametersOverride": 1
      },
      "TRS": {
        "Rotation": "0:0:0:1",
        "Translation": "11.5:0:3.5",
        "Scale": 1.0
      },
      "Area": {
        "Min": "11:3",
        "Size": "1:1"
      },
      "AnimationData": {
        "Index": 0,
        "Playing": true,
        "RandomizeOffset": true
      }
    },
    "1590": {
      "$type": "CityElementEntity",
      "EntityId": {
        "Value": 1590
      },
      "PropMechanics": {
        "TargetPropId": {
          "Value": 1125
        },
        "Disabled": false
      },
      "Parameters": {
        "CityEntityId": {
          "Value": "city"
        },
        "BasementId": {
          "Value": 0
        }
      }
    },
    "1125": {
      "$type": "PropEntity",
      "EntityId": {
        "Value": 1125
      },
      "Owner": {
        "Value": 0
      },
      "Prop": {
        "DatabaseId": 1618998239296491520,
        "MechanicsEntityId": {
          "Value": 1590
        },
        "Hidden": false,
        "GroupId": {
          "Value": 0
        },
        "Permanent": true,
        "DestroyFee": 1000,
        "DoNotBlockTracks": true,
        "Label": "",
        "ParametersOverride": 1
      },
      "TRS": {
        "Rotation": "0:0:0:1",
        "Translation": "11.5:0:4.5",
        "Scale": 1.0
      },
      "Area": {
        "Min": "11:4",
        "Size": "1:1"
      },
      "AnimationData": {
        "Index": 0,
        "Playing": true,
        "RandomizeOffset": true
      }
    },
    "1591": {
      "$type": "CityElementEntity",
      "EntityId": {
        "Value": 1591
      },
      "PropMechanics": {
        "TargetPropId": {
          "Value": 1126
        },
        "Disabled": false
      },
      "Parameters": {
        "CityEntityId": {
          "Value": "city"
        },
        "BasementId": {
          "Value": 0
        }
      }
    },
    "1126": {
      "$type": "PropEntity",
      "EntityId": {
        "Value": 1126
      },
      "Owner": {
        "Value": 0
      },
      "Prop": {
        "DatabaseId": 1618998240093409280,
        "MechanicsEntityId": {
          "Value": 1591
        },
        "Hidden": false,
        "GroupId": {
          "Value": 0
        },
        "Permanent": true,
        "DestroyFee": 1000,
        "DoNotBlockTracks": true,
        "Label": "",
        "ParametersOverride": 1
      },
      "TRS": {
        "Rotation": "0:1:0:-4.371139E-08",
        "Translation": "11.5:0:5.5",
        "Scale": 1.0
      },
      "Area": {
        "Min": "11:5",
        "Size": "1:1"
      },
      "AnimationData": {
        "Index": 0,
        "Playing": true,
        "RandomizeOffset": true
      }
    },
    "1592": {
      "$type": "CityElementEntity",
      "EntityId": {
        "Value": 1592
      },
      "PropMechanics": {
        "TargetPropId": {
          "Value": 1127
        },
        "Disabled": false
      },
      "Parameters": {
        "CityEntityId": {
          "Value": "city"
        },
        "BasementId": {
          "Value": 0
        }
      }
    },
    "1127": {
      "$type": "PropEntity",
      "EntityId": {
        "Value": 1127
      },
      "Owner": {
        "Value": 0
      },
      "Prop": {
        "DatabaseId": 1618998238898032640,
        "MechanicsEntityId": {
          "Value": 1592
        },
        "Hidden": false,
        "GroupId": {
          "Value": 0
        },
        "Permanent": true,
        "DestroyFee": 1000,
        "DoNotBlockTracks": true,
        "Label": "",
        "ParametersOverride": 1
      },
      "TRS": {
        "Rotation": "0:0:0:1",
        "Translation": "11.5:0:2.5",
        "Scale": 1.0
      },
      "Area": {
        "Min": "11:2",
        "Size": "1:1"
      },
      "AnimationData": {
        "Index": 0,
        "Playing": true,
        "RandomizeOffset": true
      }
    },
    "1593": {
      "$type": "CityElementEntity",
      "EntityId": {
        "Value": 1593
      },
      "PropMechanics": {
        "TargetPropId": {
          "Value": 1128
        },
        "Disabled": false
      },
      "Parameters": {
        "CityEntityId": {
          "Value": "city"
        },
        "BasementId": {
          "Value": 0
        }
      }
    },
    "1128": {
      "$type": "PropEntity",
      "EntityId": {
        "Value": 1128
      },
      "Owner": {
        "Value": 0
      },
      "Prop": {
        "DatabaseId": 1618998267897450496,
        "MechanicsEntityId": {
          "Value": 1593
        },
        "Hidden": false,
        "GroupId": {
          "Value": 0
        },
        "Permanent": true,
        "DestroyFee": 20000,
        "DoNotBlockTracks": false,
        "Label": "",
        "ParametersOverride": 1
      },
      "TRS": {
        "Rotation": "0:0.7071068:0:0.7071068",
        "Translation": "10.5:0:3.5",
        "Scale": 1.0
      },
      "Area": {
        "Min": "10:3",
        "Size": "1:1"
      },
      "AnimationData": {
        "Index": 0,
        "Playing": true,
        "RandomizeOffset": true
      }
    },
    "1596": {
      "$type": "CityElementEntity",
      "EntityId": {
        "Value": 1596
      },
      "PropMechanics": {
        "TargetPropId": {
          "Value": 1134
        },
        "Disabled": false
      },
      "Parameters": {
        "CityEntityId": {
          "Value": "city"
        },
        "BasementId": {
          "Value": 0
        }
      }
    },
    "1134": {
      "$type": "PropEntity",
      "EntityId": {
        "Value": 1134
      },
      "Owner": {
        "Value": 0
      },
      "Prop": {
        "DatabaseId": 1618998272335024128,
        "MechanicsEntityId": {
          "Value": 1596
        },
        "Hidden": false,
        "GroupId": {
          "Value": 0
        },
        "Permanent": true,
        "DestroyFee": 20000,
        "DoNotBlockTracks": false,
        "Label": "",
        "ParametersOverride": 1
      },
      "TRS": {
        "Rotation": "0:0.7071068:0:0.7071068",
        "Translation": "10.5:0:4.5",
        "Scale": 1.0
      },
      "Area": {
        "Min": "10:4",
        "Size": "1:1"
      },
      "AnimationData": {
        "Index": 0,
        "Playing": true,
        "RandomizeOffset": true
      }
    },
    "1597": {
      "$type": "CityElementEntity",
      "EntityId": {
        "Value": 1597
      },
      "PropMechanics": {
        "TargetPropId": {
          "Value": 1136
        },
        "Disabled": false
      },
      "Parameters": {
        "CityEntityId": {
          "Value": "city"
        },
        "BasementId": {
          "Value": 0
        }
      }
    },
    "1136": {
      "$type": "PropEntity",
      "EntityId": {
        "Value": 1136
      },
      "Owner": {
        "Value": 0
      },
      "Prop": {
        "DatabaseId": 1618998240093409280,
        "MechanicsEntityId": {
          "Value": 1597
        },
        "Hidden": false,
        "GroupId": {
          "Value": 0
        },
        "Permanent": true,
        "DestroyFee": 1000,
        "DoNotBlockTracks": true,
        "Label": "",
        "ParametersOverride": 1
      },
      "TRS": {
        "Rotation": "0:0:0:1",
        "Translation": "11.5:0:6.5",
        "Scale": 1.0
      },
      "Area": {
        "Min": "11:6",
        "Size": "1:1"
      },
      "AnimationData": {
        "Index": 0,
        "Playing": true,
        "RandomizeOffset": true
      }
    },
    "1599": {
      "$type": "CityElementEntity",
      "EntityId": {
        "Value": 1599
      },
      "PropMechanics": {
        "TargetPropId": {
          "Value": 1138
        },
        "Disabled": false
      },
      "Parameters": {
        "CityEntityId": {
          "Value": "city"
        },
        "BasementId": {
          "Value": 0
        }
      }
    },
    "1138": {
      "$type": "PropEntity",
      "EntityId": {
        "Value": 1138
      },
      "Owner": {
        "Value": 0
      },
      "Prop": {
        "DatabaseId": 1618998260234457088,
        "MechanicsEntityId": {
          "Value": 1599
        },
        "Hidden": false,
        "GroupId": {
          "Value": 0
        },
        "Permanent": true,
        "DestroyFee": 20000,
        "DoNotBlockTracks": false,
        "Label": "",
        "ParametersOverride": 1
      },
      "TRS": {
        "Rotation": "0:0:0:1",
        "Translation": "8.5:0:2.5",
        "Scale": 1.0
      },
      "Area": {
        "Min": "8:2",
        "Size": "1:1"
      },
      "AnimationData": {
        "Index": 0,
        "Playing": true,
        "RandomizeOffset": true
      }
    },
    "1601": {
      "$type": "CityElementEntity",
      "EntityId": {
        "Value": 1601
      },
      "PropMechanics": {
        "TargetPropId": {
          "Value": 1141
        },
        "Disabled": false
      },
      "Parameters": {
        "CityEntityId": {
          "Value": "city"
        },
        "BasementId": {
          "Value": 0
        }
      }
    },
    "1141": {
      "$type": "PropEntity",
      "EntityId": {
        "Value": 1141
      },
      "Owner": {
        "Value": 0
      },
      "Prop": {
        "DatabaseId": 1618998271567466496,
        "MechanicsEntityId": {
          "Value": 1601
        },
        "Hidden": false,
        "GroupId": {
          "Value": 0
        },
        "Permanent": true,
        "DestroyFee": 20000,
        "DoNotBlockTracks": false,
        "Label": "",
        "ParametersOverride": 1
      },
      "TRS": {
        "Rotation": "0:1:0:-4.371139E-08",
        "Translation": "10.5:0:2.5",
        "Scale": 1.0
      },
      "Area": {
        "Min": "10:2",
        "Size": "1:1"
      },
      "AnimationData": {
        "Index": 0,
        "Playing": true,
        "RandomizeOffset": true
      }
    },
    "1603": {
      "$type": "CityElementEntity",
      "EntityId": {
        "Value": 1603
      },
      "PropMechanics": {
        "TargetPropId": {
          "Value": 1575
        },
        "Disabled": false
      },
      "Parameters": {
        "CityEntityId": {
          "Value": "city"
        },
        "BasementId": {
          "Value": 0
        }
      }
    },
    "1575": {
      "$type": "PropEntity",
      "EntityId": {
        "Value": 1575
      },
      "Owner": {
        "Value": 0
      },
      "Prop": {
        "DatabaseId": 1618998296099950592,
        "MechanicsEntityId": {
          "Value": 1603
        },
        "Hidden": false,
        "GroupId": {
          "Value": 0
        },
        "Permanent": true,
        "DestroyFee": 10000,
        "DoNotBlockTracks": false,
        "Label": "",
        "ParametersOverride": 1
      },
      "TRS": {
        "Rotation": "0:1:0:-4.371139E-08",
        "Translation": "9.5:0:3.5",
        "Scale": 1.0
      },
      "Area": {
        "Min": "9:3",
        "Size": "1:1"
      },
      "AnimationData": {
        "Index": 0,
        "Playing": true,
        "RandomizeOffset": true
      }
    },
    "1606": {
      "$type": "CityElementEntity",
      "EntityId": {
        "Value": 1606
      },
      "PropMechanics": {
        "TargetPropId": {
          "Value": 1105
        },
        "Disabled": false
      },
      "Parameters": {
        "CityEntityId": {
          "Value": "city"
        },
        "BasementId": {
          "Value": 0
        }
      }
    },
    "1105": {
      "$type": "PropEntity",
      "EntityId": {
        "Value": 1105
      },
      "Owner": {
        "Value": 0
      },
      "Prop": {
        "DatabaseId": 1618998292991971328,
        "MechanicsEntityId": {
          "Value": 1606
        },
        "Hidden": false,
        "GroupId": {
          "Value": 0
        },
        "Permanent": true,
        "DestroyFee": 10000,
        "DoNotBlockTracks": false,
        "Label": "",
        "ParametersOverride": 1
      },
      "TRS": {
        "Rotation": "0:1:0:-4.371139E-08",
        "Translation": "9.5:0:4.5",
        "Scale": 1.0
      },
      "Area": {
        "Min": "9:4",
        "Size": "1:1"
      },
      "AnimationData": {
        "Index": 0,
        "Playing": true,
        "RandomizeOffset": true
      }
    },
    "1607": {
      "$type": "CityElementEntity",
      "EntityId": {
        "Value": 1607
      },
      "PropMechanics": {
        "TargetPropId": {
          "Value": 1107
        },
        "Disabled": false
      },
      "Parameters": {
        "CityEntityId": {
          "Value": "city"
        },
        "BasementId": {
          "Value": 0
        }
      }
    },
    "1107": {
      "$type": "PropEntity",
      "EntityId": {
        "Value": 1107
      },
      "Owner": {
        "Value": 0
      },
      "Prop": {
        "DatabaseId": 1618998236217872384,
        "MechanicsEntityId": {
          "Value": 1607
        },
        "Hidden": false,
        "GroupId": {
          "Value": 0
        },
        "Permanent": true,
        "DestroyFee": 1000,
        "DoNotBlockTracks": true,
        "Label": "",
        "ParametersOverride": 1
      },
      "TRS": {
        "Rotation": "0:0.7071068:0:0.7071068",
        "Translation": "10.5:0:6.5",
        "Scale": 1.0
      },
      "Area": {
        "Min": "10:6",
        "Size": "1:1"
      },
      "AnimationData": {
        "Index": 0,
        "Playing": true,
        "RandomizeOffset": true
      }
    },
    "1611": {
      "$type": "CityElementEntity",
      "EntityId": {
        "Value": 1611
      },
      "PropMechanics": {
        "TargetPropId": {
          "Value": 1112
        },
        "Disabled": false
      },
      "Parameters": {
        "CityEntityId": {
          "Value": "city"
        },
        "BasementId": {
          "Value": 0
        }
      }
    },
    "1112": {
      "$type": "PropEntity",
      "EntityId": {
        "Value": 1112
      },
      "Owner": {
        "Value": 0
      },
      "Prop": {
        "DatabaseId": 1618998283617701888,
        "MechanicsEntityId": {
          "Value": 1611
        },
        "Hidden": false,
        "GroupId": {
          "Value": 0
        },
        "Permanent": true,
        "DestroyFee": 5000,
        "DoNotBlockTracks": false,
        "Label": "",
        "ParametersOverride": 1
      },
      "TRS": {
        "Rotation": "0:0:0:1",
        "Translation": "9.5:0:5.5",
        "Scale": 1.0
      },
      "Area": {
        "Min": "9:5",
        "Size": "1:1"
      },
      "AnimationData": {
        "Index": 0,
        "Playing": true,
        "RandomizeOffset": true
      }
    },
    "1615": {
      "$type": "CityElementEntity",
      "EntityId": {
        "Value": 1615
      },
      "PropMechanics": {
        "TargetPropId": {
          "Value": 1118
        },
        "Disabled": false
      },
      "Parameters": {
        "CityEntityId": {
          "Value": "city"
        },
        "BasementId": {
          "Value": 0
        }
      }
    },
    "1118": {
      "$type": "PropEntity",
      "EntityId": {
        "Value": 1118
      },
      "Owner": {
        "Value": 0
      },
      "Prop": {
        "DatabaseId": 1618998282632040448,
        "MechanicsEntityId": {
          "Value": 1615
        },
        "Hidden": false,
        "GroupId": {
          "Value": 0
        },
        "Permanent": true,
        "DestroyFee": 5000,
        "DoNotBlockTracks": false,
        "Label": "",
        "ParametersOverride": 1
      },
      "TRS": {
        "Rotation": "0:1:0:-4.371139E-08",
        "Translation": "9.5:0:2.5",
        "Scale": 1.0
      },
      "Area": {
        "Min": "9:2",
        "Size": "1:1"
      },
      "AnimationData": {
        "Index": 0,
        "Playing": true,
        "RandomizeOffset": true
      }
    },
    "1617": {
      "$type": "CityElementEntity",
      "EntityId": {
        "Value": 1617
      },
      "PropMechanics": {
        "TargetPropId": {
          "Value": 1122
        },
        "Disabled": false
      },
      "Parameters": {
        "CityEntityId": {
          "Value": "city"
        },
        "BasementId": {
          "Value": 0
        }
      }
    },
    "1122": {
      "$type": "PropEntity",
      "EntityId": {
        "Value": 1122
      },
      "Owner": {
        "Value": 0
      },
      "Prop": {
        "DatabaseId": 1618998287912669184,
        "MechanicsEntityId": {
          "Value": 1617
        },
        "Hidden": false,
        "GroupId": {
          "Value": 0
        },
        "Permanent": true,
        "DestroyFee": 10000,
        "DoNotBlockTracks": false,
        "Label": "",
        "ParametersOverride": 1
      },
      "TRS": {
        "Rotation": "0:0.7071068:0:-0.7071068",
        "Translation": "8.5:0:3.5",
        "Scale": 1.0
      },
      "Area": {
        "Min": "8:3",
        "Size": "1:1"
      },
      "AnimationData": {
        "Index": 0,
        "Playing": true,
        "RandomizeOffset": true
      }
    },
    "1631": {
      "$type": "CityElementEntity",
      "EntityId": {
        "Value": 1631
      },
      "PropMechanics": {
        "TargetPropId": {
          "Value": 1580
        },
        "Disabled": false
      },
      "Parameters": {
        "CityEntityId": {
          "Value": "city"
        },
        "BasementId": {
          "Value": 0
        }
      }
    },
    "1580": {
      "$type": "PropEntity",
      "EntityId": {
        "Value": 1580
      },
      "Owner": {
        "Value": 0
      },
      "Prop": {
        "DatabaseId": 1618998296099950592,
        "MechanicsEntityId": {
          "Value": 1631
        },
        "Hidden": false,
        "GroupId": {
          "Value": 0
        },
        "Permanent": true,
        "DestroyFee": 10000,
        "DoNotBlockTracks": false,
        "Label": "",
        "ParametersOverride": 1
      },
      "TRS": {
        "Rotation": "0:0:0:1",
        "Translation": "10.5:0:7.5",
        "Scale": 1.0
      },
      "Area": {
        "Min": "10:7",
        "Size": "1:1"
      },
      "AnimationData": {
        "Index": 0,
        "Playing": true,
        "RandomizeOffset": true
      }
    },
    "1659": {
      "$type": "CityElementEntity",
      "EntityId": {
        "Value": 1659
      },
      "PropMechanics": {
        "TargetPropId": {
          "Value": 1655
        },
        "Disabled": false
      },
      "Parameters": {
        "CityEntityId": {
          "Value": "city"
        },
        "BasementId": {
          "Value": 0
        }
      }
    },
    "1655": {
      "$type": "PropEntity",
      "EntityId": {
        "Value": 1655
      },
      "Owner": {
        "Value": 0
      },
      "Prop": {
        "DatabaseId": 1618998260234457088,
        "MechanicsEntityId": {
          "Value": 1659
        },
        "Hidden": false,
        "GroupId": {
          "Value": 0
        },
        "Permanent": true,
        "DestroyFee": 20000,
        "DoNotBlockTracks": false,
        "Label": "",
        "ParametersOverride": 1
      },
      "TRS": {
        "Rotation": "0:0.7071068:0:0.7071068",
        "Translation": "10.5:0:5.5",
        "Scale": 1.0
      },
      "Area": {
        "Min": "10:5",
        "Size": "1:1"
      },
      "AnimationData": {
        "Index": 0,
        "Playing": true,
        "RandomizeOffset": true
      }
    }
  }
}