{"1764749847660863488":{"Id":1764749847660863488,"Type":1,"Value":1.3,"Epoch":2,"Column":2,"Order":4,"Price":10000,"Name":"Steward","Info":"StewardInfo"},"1764772367680151552":{"Id":1764772367680151552,"Type":1,"Value":1.4,"Epoch":3,"Column":2,"Order":5,"Price":20000,"Name":"Steward","Info":"StewardInfo"},"1764772560387448832":{"Id":1764772560387448832,"Type":1,"Value":1.5,"Epoch":4,"Column":2,"Order":6,"Price":30000,"Name":"Steward","Info":"StewardInfo"},"1764773325466247168":{"Id":1764773325466247168,"Type":2,"Value":10,"Epoch":1,"Column":1,"Order":1,"Price":10000,"Name":"Switchman","Info":"SwitchmanInfo"},"1764773325583687680":{"Id":1764773325583687680,"Type":2,"Value":15,"Epoch":3,"Column":1,"Order":2,"Price":30000,"Name":"Switchman","Info":"SwitchmanInfo"},"1764773325701128192":{"Id":1764773325701128192,"Type":2,"Value":20,"Epoch":5,"Column":1,"Order":3,"Price":50000,"Name":"Switchman","Info":"SwitchmanInfo"},"1767528864830988288":{"Id":1767528864830988288,"Type":4,"Value":1,"Epoch":2,"Column":3,"Order":7,"Price":10000,"Name":"Freighterman","Info":"FreightermanInfo"},"1767528864847765504":{"Id":1767528864847765504,"Type":4,"Value":2,"Epoch":4,"Column":3,"Order":8,"Price":25000,"Name":"Freighterman","Info":"FreightermanInfo"},"1767528864856154112":{"Id":1767528864856154112,"Type":3,"Value":0.5,"Epoch":4,"Column":4,"Order":11,"Price":15000,"Name":"Loader","Info":"LoaderInfo"},"1767528864860348416":{"Id":1767528864860348416,"Type":5,"Value":0,"Epoch":5,"Column":4,"Order":12,"Price":20000,"Name":"Ghostman","Info":"GhostmanInfo"},"1770370007692222464":{"Id":1770370007692222464,"Type":6,"Value":1.2,"Epoch":2,"Column":4,"Order":9,"Price":10000,"Name":"Salesman","Info":"SalesmanInfo"},"1770370007700611072":{"Id":1770370007700611072,"Type":7,"Value":2,"Epoch":3,"Column":4,"Order":10,"Price":15000,"Name":"Engineer","Info":"EngineerInfo"}}