{
  "1615384732344782848": {
    "sources": [
      {
        "ids": [],
        "count": 92
      }
    ],
    "name": "Passenger",
    "model_ids": [
      0
    ]
  },
  "1536657115869876224": {
    "sources": [
      {
        "ids": [],
        "count": 18
      },
      {
        "ids": [
          1536658678113898496
        ],
        "count": 2
      }
    ],
    "name": "Coal",
    "model_ids": [
      1539595616768757760,
      1757024670193819648,
      1641375788823482368
    ]
  },
  "1536657825734856704": {
    "sources": [
      {
        "ids": [],
        "count": 15
      }
    ],
    "name": "IronOre",
    "model_ids": [
      1539595720397426688
    ]
  },
  "1536657405633368064": {
    "sources": [
      {
        "ids": [
          1536657115869876224,
          1536657825734856704
        ],
        "count": 10
      },
      {
        "ids": [],
        "count": 1
      }
    ],
    "name": "Iron",
    "model_ids": [
      1539595410828431360,
      1539595331119878144,
      1641375788823482368
    ]
  },
  "1536656901020848128": {
    "sources": [
      {
        "ids": [],
        "count": 3
      }
    ],
    "name": "Clay",
    "model_ids": [
      1539603689260453888
    ]
  },
  "1536658492633387008": {
    "sources": [
      {
        "ids": [],
        "count": 7
      }
    ],
    "name": "Wheat",
    "model_ids": [
      1563481216563286016
    ]
  },
  "1725244663671033856": {
    "sources": [
      {
        "ids": [
          1536658678113898496
        ],
        "count": 5
      }
    ],
    "name": "Paper",
    "model_ids": [
      1726602001002799104
    ]
  },
  "1536657230693142528": {
    "sources": [
      {
        "ids": [],
        "count": 5
      }
    ],
    "name": "CopperOre",
    "model_ids": [
      1539595445234307072,
      1641375788823482368
    ]
  },
  "1536657169837985792": {
    "sources": [
      {
        "ids": [
          1536657115869876224,
          1536657230693142528
        ],
        "count": 2
      }
    ],
    "name": "Copper",
    "model_ids": [
      1539595837544337408
    ]
  },
  "1541379625840545792": {
    "sources": [
      {
        "ids": [],
        "count": 7
      }
    ],
    "name": "Sand",
    "model_ids": [
      1650410501064101888,
      1641375788823482368
    ]
  },
  "1691381624534470656": {
    "sources": [
      {
        "ids": [
          1536657115869876224
        ],
        "count": 1
      },
      {
        "ids": [
          1637156992948637696,
          1691385173033095168
        ],
        "count": 5
      }
    ],
    "name": "Textile",
    "model_ids": [
      1641375786650832896,
      1688968941017239552
    ]
  },
  "1563480522150121472": {
    "sources": [
      {
        "ids": [
          1536658492633387008
        ],
        "count": 7
      }
    ],
    "name": "Cows",
    "model_ids": [
      1563481206903803904
    ]
  },
  "1536658678113898496": {
    "sources": [
      {
        "ids": [],
        "count": 15
      }
    ],
    "name": "Wood",
    "model_ids": [
      1539595661366792192,
      1762755456767369216
    ]
  },
  "1536657998900891648": {
    "sources": [
      {
        "ids": [],
        "count": 3
      }
    ],
    "name": "Phosphate",
    "model_ids": [
      1539595350594031616
    ]
  },
  "1637157256942325760": {
    "sources": [
      {
        "ids": [],
        "count": 4
      }
    ],
    "name": "Sugar",
    "model_ids": [
      1637158987692511232,
      1775078146874286080
    ]
  },
  "1778035504348930048": {
    "sources": [
      {
        "ids": [
          1691381624534470656
        ],
        "count": 2
      }
    ],
    "name": "Clothes",
    "model_ids": [
      1779041507790036992,
      1563481211983106048
    ]
  },
  "1691386128814313472": {
    "sources": [
      {
        "ids": [
          1691381624534470656
        ],
        "count": 2
      },
      {
        "ids": [
          1536657314046545920,
          1563480640337219584
        ],
        "count": 1
      }
    ],
    "name": "Artifact",
    "model_ids": [
      1688968922243534848,
      1688968931466809344
    ]
  },
  "1691385173033095168": {
    "sources": [
      {
        "ids": [],
        "count": 6
      }
    ],
    "name": "Cotton",
    "model_ids": [
      1688968928711151616,
      1641375788823482368
    ]
  },
  "1637156992948637696": {
    "sources": [
      {
        "ids": [],
        "count": 8
      }
    ],
    "name": "Dye",
    "model_ids": [
      1638170554777210880
    ]
  },
  "1563480690962468864": {
    "sources": [
      {
        "ids": [],
        "count": 13
      }
    ],
    "name": "GoldOre",
    "model_ids": [
      1563481209604935680,
      1539595256188637184
    ]
  },
  "1536658136335650816": {
    "sources": [
      {
        "ids": [
          1536658678113898496
        ],
        "count": 10
      }
    ],
    "name": "Planks",
    "model_ids": [
      1539595484987920384
    ]
  },
  "1563480640337219584": {
    "sources": [
      {
        "ids": [
          1536657115869876224,
          1563480690962468864
        ],
        "count": 6
      },
      {
        "ids": [],
        "count": 1
      }
    ],
    "name": "Gold",
    "model_ids": [
      1563481210791923712,
      1563481208262758400,
      1641375786650832896
    ]
  },
  "1603438678158348288": {
    "sources": [
      {
        "ids": [
          1541379625840545792
        ],
        "count": 5
      },
      {
        "ids": [],
        "count": 1
      }
    ],
    "name": "Glass",
    "model_ids": [
      1603443059364728832,
      1641375788823482368
    ]
  },
  "1655939335112888320": {
    "sources": [
      {
        "ids": [],
        "count": 2
      }
    ],
    "name": "Devices",
    "model_ids": [
      1688992608723931136,
      1641375786650832896
    ]
  },
  "1655940840121438208": {
    "sources": [
      {
        "ids": [],
        "count": 1
      }
    ],
    "name": "ExoticPlant",
    "model_ids": [
      1641375786650832896
    ]
  },
  "1655941445363699712": {
    "sources": [
      {
        "ids": [],
        "count": 3
      }
    ],
    "name": "Exhibit",
    "model_ids": [
      1688992608723931136,
      1641375786650832896
    ]
  },
  "1625423218837819392": {
    "sources": [
      {
        "ids": [
          1603438678158348288
        ],
        "count": 2
      }
    ],
    "name": "LightBulb",
    "model_ids": [
      1625173670580195328
    ]
  },
  "1691386128801730560": {
    "sources": [
      {
        "ids": [],
        "count": 10
      }
    ],
    "name": "Oil",
    "model_ids": [
      1688968935048744960,
      1688968932699934720,
      1641375788823482368
    ]
  },
  "1691374629383311360": {
    "sources": [
      {
        "ids": [
          1691386128801730560
        ],
        "count": 1
      }
    ],
    "name": "Paraffin",
    "model_ids": [
      1637158974849552384
    ]
  },
  "1691374453054771200": {
    "sources": [
      {
        "ids": [
          1691385173054066688
        ],
        "count": 1
      }
    ],
    "name": "Dynamite",
    "model_ids": [
      1641375788823482368
    ]
  },
  "1603438847633395712": {
    "sources": [
      {
        "ids": [
          1691381624534470656
        ],
        "count": 1
      },
      {
        "ids": [
          1536657314046545920,
          1536657405633368064
        ],
        "count": 1
      },
      {
        "ids": [
          1536657405633368064,
          1563480522150121472
        ],
        "count": 1
      },
      {
        "ids": [
          1536657405633368064,
          1637157165166759936
        ],
        "count": 1
      }
    ],
    "name": "CannedFood",
    "model_ids": [
      1641375786650832896,
      1603443058450370560
    ]
  },
  "1637156871091523584": {
    "sources": [
      {
        "ids": [
          1637156992948637696,
          1637157165166759936
        ],
        "count": 2
      }
    ],
    "name": "SecretIngredient",
    "model_ids": [
      1637158974849552384
    ]
  },
  "1637157165166759936": {
    "sources": [
      {
        "ids": [],
        "count": 5
      }
    ],
    "name": "Fruits",
    "model_ids": [
      1775078145175592960,
      1637367248593096704
    ]
  },
  "1532655768203956224": {
    "sources": [
      {
        "ids": [
          1637156943376158720
        ],
        "count": 1
      }
    ],
    "name": "BuildingMaterial",
    "model_ids": [
      1563481211983106048
    ]
  },
  "1536657314046545920": {
    "sources": [
      {
        "ids": [],
        "count": 4
      }
    ],
    "name": "Fish",
    "model_ids": [
      1539595381384417280
    ]
  },
  "1691386128776564736": {
    "sources": [
      {
        "ids": [
          1563480640337219584
        ],
        "count": 1
      },
      {
        "ids": [
          1536658136335650816
        ],
        "count": 2
      }
    ],
    "name": "Goods",
    "model_ids": [
      1641375786650832896,
      1791096182441779200
    ]
  },
  "1706165959087099904": {
    "sources": [
      {
        "ids": [],
        "count": 7
      }
    ],
    "name": "Caoutchouc",
    "model_ids": [
      1696074781264187392,
      1641375786650832896,
      1641375788823482368
    ]
  },
  "1563480808155516928": {
    "sources": [
      {
        "ids": [
          1536657405633368064,
          1536658136335650816
        ],
        "count": 4
      }
    ],
    "name": "Tools",
    "model_ids": [
      1563481211983106048,
      1688968931466809344
    ]
  },
  "1691385173054066688": {
    "sources": [
      {
        "ids": [
          1691386128801730560
        ],
        "count": 4
      }
    ],
    "name": "Fuel",
    "model_ids": [
      1688968933580738560
    ]
  },
  "1637156943376158720": {
    "sources": [
      {
        "ids": [
          1691386128801730560
        ],
        "count": 1
      },
      {
        "ids": [
          1637156992948637696,
          1691386128801730560
        ],
        "count": 1
      }
    ],
    "name": "Chemicals",
    "model_ids": [
      1637158974849552384,
      1688968933580738560
    ]
  },
  "1536658340900245504": {
    "sources": [
      {
        "ids": [
          1541379625840545792
        ],
        "count": 1
      }
    ],
    "name": "Silicon",
    "model_ids": [
      1539595553019531264
    ]
  },
  "1530164526702399488": {
    "sources": [
      {
        "ids": [
          1536656901020848128
        ],
        "count": 1
      }
    ],
    "name": "Bricks",
    "model_ids": [
      1539595320445374464
    ]
  },
  "1691385904821702656": {
    "sources": [
      {
        "ids": [
          1536657405633368064,
          1691385904842674176
        ],
        "count": 1
      }
    ],
    "name": "Bicycle",
    "model_ids": [
      1563481211983106048
    ]
  },
  "1691385904842674176": {
    "sources": [
      {
        "ids": [
          1706165959087099904
        ],
        "count": 1
      }
    ],
    "name": "Rubber",
    "model_ids": [
      1637158974849552384
    ]
  },
  "1691385904796536832": {
    "sources": [
      {
        "ids": [
          1536657405633368064
        ],
        "count": 1
      }
    ],
    "name": "Weight",
    "model_ids": [
      1563481211983106048
    ]
  },
  "1691385693999206400": {
    "sources": [
      {
        "ids": [
          1536658136335650816
        ],
        "count": 1
      }
    ],
    "name": "Racquet",
    "model_ids": [
      1563481211983106048
    ]
  },
  "1802953683109945344": {
    "sources": [
      {
        "ids": [
          1563480808155516928
        ],
        "count": 1
      }
    ],
    "name": "Sarcophagi",
    "model_ids": [
      1793297171345317888
    ]
  },
  "1802953683151888384": {
    "sources": [
      {
        "ids": [
          1563480808155516928
        ],
        "count": 1
      }
    ],
    "name": "Statues",
    "model_ids": [
      1793297172448419840
    ]
  },
  "1802953683135111168": {
    "sources": [
      {
        "ids": [
          1563480808155516928
        ],
        "count": 1
      }
    ],
    "name": "Jewelry",
    "model_ids": [
      1793297169990557696
    ]
  },
  "1802754773263327232": {
    "sources": [
      {
        "ids": [
          1603438847633395712,
          1691385173054066688
        ],
        "count": 1
      },
      {
        "ids": [
          1603438847633395712,
          1691385173054066688,
          1802752337790377984
        ],
        "count": 1
      }
    ],
    "name": "Scientific data",
    "model_ids": [
      1806391535017664512,
      1563481211983106048
    ]
  },
  "1802752337702297600": {
    "sources": [
      {
        "ids": [
          1706165959087099904
        ],
        "count": 1
      },
      {
        "ids": [],
        "count": 1
      }
    ],
    "name": "Glue",
    "model_ids": [
      1637158974849552384,
      1641375788823482368
    ]
  },
  "1802752337790377984": {
    "sources": [
      {
        "ids": [
          1725244663671033856,
          1802752337702297600
        ],
        "count": 2
      }
    ],
    "name": "Books",
    "model_ids": [
      1688968922243534848,
      1563481211983106048
    ]
  },
  "1801623493532459008": {
    "sources": [
      {
        "ids": [
          1801623493465350144
        ],
        "count": 1
      }
    ],
    "name": "MonsterFeed",
    "model_ids": [
      1800814132375592960
    ]
  },
  "1801623493494710272": {
    "sources": [
      {
        "ids": [],
        "count": 1
      }
    ],
    "name": "Stone",
    "model_ids": [
      1802975093798739968
    ]
  },
  "1801623493389852672": {
    "sources": [
      {
        "ids": [
          1536658492633387008
        ],
        "count": 2
      }
    ],
    "name": "Bread",
    "model_ids": [
      1802975090296496128
    ]
  },
  "1722262768704294912": {
    "sources": [
      {
        "ids": [
          1802752337907818496
        ],
        "count": 1
      }
    ],
    "name": "Money",
    "model_ids": [
      1717891929707909120
    ]
  },
  "1802752337832321024": {
    "sources": [
      {
        "ids": [
          1625423218837819392,
          1782741042739552256
        ],
        "count": 1
      }
    ],
    "name": "Appliances",
    "model_ids": [
      1688968922243534848
    ]
  },
  "1802752337870069760": {
    "sources": [
      {
        "ids": [
          1536657405633368064,
          1782741042739552256
        ],
        "count": 1
      }
    ],
    "name": "Machine tools",
    "model_ids": [
      1563481211983106048
    ]
  },
  "1782741042739552256": {
    "sources": [
      {
        "ids": [
          1536657169837985792,
          1691385904842674176
        ],
        "count": 1
      }
    ],
    "name": "Wire",
    "model_ids": [
      1780552046798184448
    ]
  },
  "1802971699067494400": {
    "sources": [
      {
        "ids": [
          1536657405633368064,
          1536658136335650816,
          1691385173054066688
        ],
        "count": 1
      }
    ],
    "name": "Airplanes",
    "model_ids": [
      1563481211983106048
    ]
  }
}